residue,rmsf_protein_normal
1.0,0.441531
2.0,0.415804
3.0,0.442201
4.0,0.409521
5.0,0.416392
6.0,0.441571
7.0,0.47425
8.0,0.557931
9.0,0.519719
10.0,0.549039
11.0,0.606398
12.0,0.810207
13.0,0.921195
14.0,0.920345
15.0,1.063164
16.0,1.080099
17.0,1.070695
18.0,1.182757
19.0,1.336325
20.0,1.35328
21.0,1.313987
22.0,1.300113
23.0,1.203918
24.0,1.077911
25.0,1.059297
26.0,1.08507
27.0,1.089275
28.0,1.084228
29.0,1.141267
30.0,1.284867
31.0,1.3362
32.0,1.403831
33.0,1.413575
34.0,1.375778
35.0,1.363102
36.0,1.372925
37.0,1.408577
38.0,1.451828
39.0,1.47284
40.0,1.542187
41.0,1.522214
42.0,1.457734
43.0,1.505788
44.0,1.505441
45.0,1.445109
46.0,1.460953
47.0,1.414205
48.0,1.412093
49.0,1.410912
50.0,1.348158
51.0,1.291817
52.0,1.284083
53.0,1.243973
54.0,1.187939
55.0,1.06859
56.0,1.086497
57.0,1.121401
58.0,1.008325
59.0,0.906304
60.0,0.715414
61.0,0.564232
62.0,0.495367
63.0,0.48712
64.0,0.501303
65.0,0.516808
66.0,0.449618
67.0,0.37449
68.0,0.373966
69.0,0.360623
70.0,0.36394
71.0,0.380957
72.0,0.457405
73.0,0.406625
74.0,0.426479
75.0,0.441825
76.0,0.42927
77.0,0.435588
78.0,0.445616
79.0,0.438869
80.0,0.414197
81.0,0.382708
82.0,0.394848
83.0,0.415692
84.0,0.389184
85.0,0.386481
86.0,0.374323
87.0,0.387595
88.0,0.386352
89.0,0.365179
90.0,0.364569
91.0,0.382547
92.0,0.371146
93.0,0.355375
94.0,0.367634
95.0,0.382913
96.0,0.365999
97.0,0.351802
98.0,0.367327
99.0,0.375218
100.0,0.354727
101.0,0.352685
102.0,0.365231
103.0,0.360238
104.0,0.347994
105.0,0.362362
106.0,0.365744
107.0,0.352941
108.0,0.355886
109.0,0.374723
110.0,0.367165
111.0,0.364529
112.0,0.375899
113.0,0.386985
114.0,0.380269
115.0,0.382869
116.0,0.390778
117.0,0.392555
118.0,0.393252
119.0,0.397828
120.0,0.402511
121.0,0.401476
122.0,0.402105
123.0,0.414286
124.0,0.414536
125.0,0.411802
126.0,0.403882
127.0,0.374165
128.0,0.382246
129.0,0.397909
130.0,0.376278
131.0,0.378306
132.0,0.369007
133.0,0.354338
134.0,0.366149
135.0,0.342596
136.0,0.380471
137.0,0.353181
138.0,0.325892
139.0,0.373419
140.0,0.384648
141.0,0.367036
142.0,0.373225
143.0,0.382696
144.0,0.374682
145.0,0.365868
146.0,0.367529
147.0,0.374695
148.0,0.367191
149.0,0.3678
150.0,0.369451
151.0,0.369045
152.0,0.367596
153.0,0.364985
154.0,0.368677
155.0,0.374844
156.0,0.375802
157.0,0.364881
158.0,0.359659
159.0,0.357191
160.0,0.359245
161.0,0.361744
162.0,0.363488
163.0,0.362366
164.0,0.365006
165.0,0.361514
166.0,0.361981
167.0,0.362771
168.0,0.366316
169.0,0.368371
170.0,0.36735
171.0,0.369021
172.0,0.373943
173.0,0.371571
174.0,0.373996
175.0,0.372141
176.0,0.378979
177.0,0.368114
178.0,0.370091
179.0,0.375499
180.0,0.367335
181.0,0.363586
182.0,0.363354
183.0,0.363978
184.0,0.358479
185.0,0.355335
186.0,0.359154
187.0,0.354999
188.0,0.348324
189.0,0.354638
190.0,0.35845
191.0,0.348555
192.0,0.353776
193.0,0.353521
194.0,0.355793
195.0,0.36021
196.0,0.371505
197.0,0.369237
198.0,0.366613
199.0,0.37335
200.0,0.389587
201.0,0.387479
202.0,0.383431
203.0,0.399189
204.0,0.394527
205.0,0.382926
206.0,0.377975
207.0,0.365429
208.0,0.36589
209.0,0.372772
210.0,0.366948
211.0,0.359522
212.0,0.356748
213.0,0.360895
214.0,0.357397
215.0,0.346834
216.0,0.345112
217.0,0.352602
218.0,0.350626
219.0,0.353264
220.0,0.357705
221.0,0.356895
222.0,0.349763
223.0,0.357621
224.0,0.358456
225.0,0.360712
226.0,0.356946
227.0,0.363317
228.0,0.358783
229.0,0.357598
230.0,0.355668
231.0,0.358342
232.0,0.36197
233.0,0.354438
234.0,0.36544
235.0,0.384146
236.0,0.380697
237.0,0.377494
238.0,0.377335
239.0,0.369473
240.0,0.366999
241.0,0.380984
242.0,0.375981
243.0,0.357949
244.0,0.365288
245.0,0.379943
246.0,0.363932
247.0,0.352715
248.0,0.369684
249.0,0.375106
250.0,0.357838
251.0,0.35271
252.0,0.358916
253.0,0.362276
254.0,0.360086
255.0,0.368982
256.0,0.382916
257.0,0.384938
258.0,0.363772
259.0,0.342988
260.0,0.333057
261.0,0.356642
262.0,0.356184
263.0,0.34884
264.0,0.354114
265.0,0.359474
266.0,0.350046
267.0,0.351661
268.0,0.374268
269.0,0.37268
270.0,0.369888
271.0,0.387932
272.0,0.406346
273.0,0.396172
274.0,0.402203
275.0,0.40154
276.0,0.400018
277.0,0.398772
278.0,0.385886
279.0,0.371987
280.0,0.378424
281.0,0.381165
282.0,0.365715
283.0,0.365129
284.0,0.379117
285.0,0.373407
286.0,0.363745
287.0,0.369445
288.0,0.369956
289.0,0.385339
290.0,0.39244
291.0,0.40337
292.0,0.401586
293.0,0.415436
294.0,0.450974
295.0,0.417517
296.0,0.415282
297.0,0.403532
298.0,0.403693
299.0,0.396015
300.0,0.404633
301.0,0.408114
302.0,0.398457
303.0,0.402118
304.0,0.412971
305.0,0.447286
306.0,0.471033
307.0,0.498616
308.0,0.549597
309.0,0.604503
310.0,0.675782
311.0,0.706417
312.0,0.778588
313.0,0.784452
314.0,0.872135
315.0,0.88304
316.0,0.954451
317.0,0.973492
318.0,0.965516
319.0,0.959107
320.0,0.888214
321.0,0.854667
322.0,0.800942
323.0,0.864642
324.0,0.95258
325.0,0.94564
326.0,0.858547
327.0,0.909208
328.0,0.978316
329.0,1.038892
330.0,1.081489
331.0,1.16592
332.0,1.142715
333.0,1.033549
334.0,0.966741
335.0,0.889605
336.0,0.820957
337.0,0.764062
338.0,0.708756
339.0,0.641658
340.0,0.584063
341.0,0.522241
342.0,0.488475
343.0,0.455785
344.0,0.462235
345.0,0.433709
346.0,0.435047
347.0,0.423387
348.0,0.414248
349.0,0.400919
350.0,0.402532
351.0,0.393209
352.0,0.412864
353.0,0.412402
354.0,0.407798
355.0,0.457523
356.0,0.460271
357.0,0.452098
358.0,0.456496
359.0,0.456391
360.0,0.440009
361.0,0.433617
362.0,0.43214
363.0,0.424214
364.0,0.419038
365.0,0.419702
366.0,0.416886
367.0,0.408657
368.0,0.400534
369.0,0.389305
370.0,0.391733
371.0,0.39078
372.0,0.37794
373.0,0.374299
374.0,0.374457
375.0,0.372335
376.0,0.365655
377.0,0.369464
378.0,0.368227
379.0,0.374597
380.0,0.388637
381.0,0.384262
382.0,0.377924
383.0,0.390806
384.0,0.397208
385.0,0.389852
386.0,0.39078
387.0,0.416334
388.0,0.418622
389.0,0.410906
390.0,0.414064
391.0,0.404413
392.0,0.384507
393.0,0.361577
394.0,0.342686
395.0,0.32653
396.0,0.335002
397.0,0.343596
398.0,0.325726
399.0,0.320864
400.0,0.335078
401.0,0.344488
402.0,0.331056
403.0,0.330964
404.0,0.346453
405.0,0.334507
406.0,0.331164
407.0,0.32646
408.0,0.345055
409.0,0.368662
410.0,0.349154
411.0,0.349048
412.0,0.352033
413.0,0.345833
414.0,0.3436
415.0,0.345036
416.0,0.341533
417.0,0.342139
418.0,0.340068
419.0,0.338795
420.0,0.338427
421.0,0.33764
422.0,0.336411
423.0,0.335698
424.0,0.335144
425.0,0.33402
426.0,0.333319
427.0,0.336493
428.0,0.342317
429.0,0.340796
430.0,0.337354
431.0,0.346218
432.0,0.341549
433.0,0.348319
434.0,0.348788
435.0,0.34257
436.0,0.345435
437.0,0.352746
438.0,0.349654
439.0,0.345282
440.0,0.35022
441.0,0.355747
442.0,0.349516
443.0,0.349812
444.0,0.35664
445.0,0.363007
446.0,0.358817
447.0,0.343716
448.0,0.332171
449.0,0.342053
450.0,0.330009
451.0,0.327035
452.0,0.317926
453.0,0.321189
454.0,0.324551
455.0,0.331729
456.0,0.327028
457.0,0.325922
458.0,0.336052
459.0,0.337805
460.0,0.330088
461.0,0.327596
462.0,0.326058
463.0,0.328909
464.0,0.356959
465.0,0.354245
466.0,0.341753
467.0,0.35751
468.0,0.360475
469.0,0.352972
470.0,0.358991
471.0,0.368207
472.0,0.369693
473.0,0.368417
474.0,0.375947
475.0,0.381738
476.0,0.402944
477.0,0.401986
478.0,0.396643
479.0,0.408844
480.0,0.381641
481.0,0.37499
482.0,0.383494
483.0,0.377869
484.0,0.367731
485.0,0.366246
486.0,0.364189
487.0,0.358067
488.0,0.356309
489.0,0.3566
490.0,0.347796
491.0,0.344592
492.0,0.347515
493.0,0.348101
494.0,0.342933
495.0,0.342471
496.0,0.345561
497.0,0.344307
498.0,0.34294
499.0,0.344841
500.0,0.342111
501.0,0.334941
502.0,0.333921
503.0,0.333341
504.0,0.334502
505.0,0.339358
506.0,0.340025
507.0,0.346284
508.0,0.35147
509.0,0.354228
510.0,0.352411
511.0,0.348695
512.0,0.351334
513.0,0.352953
514.0,0.353179
515.0,0.350912
516.0,0.3508
517.0,0.350641
518.0,0.351462
519.0,0.357541
520.0,0.357644
521.0,0.360095
522.0,0.35962
523.0,0.357951
524.0,0.368391
525.0,0.371962
526.0,0.378073
527.0,0.36942
528.0,0.365905
529.0,0.375977
530.0,0.37234
531.0,0.366153
532.0,0.376395
533.0,0.397234
534.0,0.430796
535.0,0.422121
536.0,0.36194
537.0,0.323694
538.0,0.324648
539.0,0.316029
540.0,0.361439
541.0,0.366632
542.0,0.338626
543.0,0.382283
544.0,0.420445
545.0,0.386102
546.0,0.388236
547.0,0.444051
548.0,0.446059
549.0,0.421064
550.0,0.44988
551.0,0.450867
552.0,0.445987
553.0,0.413368
554.0,0.407237
555.0,0.412415
556.0,0.401397
557.0,0.372079
558.0,0.382413
559.0,0.395087
560.0,0.395014
561.0,0.390433
562.0,0.383118
563.0,0.388739
564.0,0.389151
565.0,0.381889
566.0,0.385444
567.0,0.385524
568.0,0.385783
569.0,0.380021
570.0,0.381735
571.0,0.380049
572.0,0.382615
573.0,0.38483
574.0,0.387684
575.0,0.389393
576.0,0.401352
577.0,0.409146
578.0,0.41639
579.0,0.406013
580.0,0.41691
581.0,0.379415
582.0,0.376453
583.0,0.425124
584.0,0.485266
585.0,0.439625
586.0,0.40915
587.0,0.432286
588.0,0.419336
589.0,0.409905
590.0,0.382869
591.0,0.418427
592.0,0.428932
593.0,0.41138
594.0,0.383266
595.0,0.405272
596.0,0.425487
597.0,0.402973
598.0,0.374054
599.0,0.370364
600.0,0.366174
601.0,0.369685
602.0,0.378926
603.0,0.376748
604.0,0.420963
605.0,0.413369
606.0,0.389139
607.0,0.395569
608.0,0.431184
609.0,0.415382
610.0,0.399833
611.0,0.437893
612.0,0.461962
613.0,0.456427
614.0,0.457075
615.0,0.477197
616.0,0.487617
617.0,0.485411
618.0,0.480105
619.0,0.470407
620.0,0.466948
621.0,0.466153
622.0,0.449235
623.0,0.434258
624.0,0.436166
625.0,0.429872
626.0,0.40314
627.0,0.396884
628.0,0.402617
629.0,0.384247
630.0,0.364343
631.0,0.372175
632.0,0.383236
633.0,0.415081
634.0,0.420786
635.0,0.408934
636.0,0.469548
637.0,0.466225
638.0,0.448595
639.0,0.442359
640.0,0.477443
641.0,0.460677
642.0,0.484013
643.0,0.505513
644.0,0.465522
645.0,0.449727
646.0,0.505342
647.0,0.504004
648.0,0.454384
649.0,0.469185
650.0,0.530985
651.0,0.507841
652.0,0.404563
653.0,0.471821
654.0,0.617873
655.0,0.599515
656.0,0.502737
657.0,0.503989
658.0,0.47806
659.0,0.494163
660.0,0.45923
661.0,0.437863
662.0,0.434363
663.0,0.426341
664.0,0.405657
665.0,0.359175
666.0,0.365191
667.0,0.362508
668.0,0.41881
669.0,0.482763
670.0,0.544344
671.0,0.627939
672.0,0.698056
673.0,0.749579
674.0,0.773869
675.0,0.754636
676.0,0.763978
677.0,0.769948
678.0,0.773531
679.0,0.805697
680.0,0.801483
681.0,0.814999
682.0,0.872819
683.0,0.962256
684.0,1.046396
685.0,1.185487
686.0,1.285299
687.0,1.469364
688.0,1.51975
689.0,1.698015
