residue,rmsf_protein_cancer
1.0,0.372676
2.0,0.400518
3.0,0.502041
4.0,0.644065
5.0,0.794593
6.0,0.911817
7.0,1.045029
8.0,1.018936
9.0,0.948072
10.0,0.876533
11.0,0.907376
12.0,0.854849
13.0,0.862559
14.0,0.934795
15.0,0.945763
16.0,1.002114
17.0,0.846418
18.0,0.849516
19.0,0.805081
20.0,0.763543
21.0,0.788382
22.0,0.74695
23.0,0.800572
24.0,0.878275
25.0,0.999253
26.0,1.08642
27.0,1.002371
28.0,0.937294
29.0,0.915398
30.0,0.936515
31.0,0.934518
32.0,0.959886
33.0,1.028091
34.0,1.083467
35.0,1.119206
36.0,1.169627
37.0,1.220671
38.0,1.183253
39.0,1.067523
40.0,0.971743
41.0,0.948527
42.0,0.860189
43.0,0.849486
44.0,0.906601
45.0,0.952698
46.0,0.898375
47.0,0.890031
48.0,0.876511
49.0,0.913819
50.0,0.943896
51.0,0.965838
52.0,0.937572
53.0,0.927582
54.0,0.82199
55.0,0.785125
56.0,0.721624
57.0,0.786865
58.0,0.80423
59.0,0.684948
60.0,0.602532
61.0,0.51041
62.0,0.57206
63.0,0.536721
64.0,0.461151
65.0,0.388928
66.0,0.326526
67.0,0.29928
68.0,0.282364
69.0,0.286899
70.0,0.301738
71.0,0.305078
72.0,0.325766
73.0,0.350645
74.0,0.429438
75.0,0.398353
76.0,0.378572
77.0,0.37951
78.0,0.357326
79.0,0.319332
80.0,0.314003
81.0,0.329486
82.0,0.343484
83.0,0.333982
84.0,0.34266
85.0,0.366761
86.0,0.381016
87.0,0.388109
88.0,0.363387
89.0,0.35657
90.0,0.375851
91.0,0.371333
92.0,0.343943
93.0,0.349132
94.0,0.367243
95.0,0.350265
96.0,0.330319
97.0,0.336845
98.0,0.341532
99.0,0.326932
100.0,0.321314
101.0,0.319326
102.0,0.315863
103.0,0.309759
104.0,0.311631
105.0,0.313897
106.0,0.305181
107.0,0.302845
108.0,0.304622
109.0,0.303217
110.0,0.297084
111.0,0.296251
112.0,0.300614
113.0,0.295787
114.0,0.297092
115.0,0.302691
116.0,0.297784
117.0,0.303373
118.0,0.307139
119.0,0.297532
120.0,0.298303
121.0,0.308364
122.0,0.304787
123.0,0.301622
124.0,0.308374
125.0,0.317113
126.0,0.302834
127.0,0.294463
128.0,0.304074
129.0,0.308042
130.0,0.291078
131.0,0.294836
132.0,0.311962
133.0,0.304893
134.0,0.290559
135.0,0.309482
136.0,0.321974
137.0,0.329528
138.0,0.333876
139.0,0.340717
140.0,0.348199
141.0,0.329975
142.0,0.319218
143.0,0.313241
144.0,0.31452
145.0,0.314223
146.0,0.312146
147.0,0.315321
148.0,0.319378
149.0,0.317358
150.0,0.301412
151.0,0.313152
152.0,0.332037
153.0,0.318309
154.0,0.304068
155.0,0.325495
156.0,0.334637
157.0,0.312278
158.0,0.316777
159.0,0.327594
160.0,0.325199
161.0,0.320637
162.0,0.317021
163.0,0.316409
164.0,0.314252
165.0,0.312625
166.0,0.319903
167.0,0.31824
168.0,0.316889
169.0,0.317142
170.0,0.31891
171.0,0.328826
172.0,0.33009
173.0,0.329099
174.0,0.326843
175.0,0.324034
176.0,0.32453
177.0,0.317322
178.0,0.322375
179.0,0.3231
180.0,0.315833
181.0,0.312775
182.0,0.313368
183.0,0.31376
184.0,0.31276
185.0,0.308866
186.0,0.312972
187.0,0.31926
188.0,0.308215
189.0,0.295879
190.0,0.29852
191.0,0.299402
192.0,0.299494
193.0,0.299297
194.0,0.29049
195.0,0.285345
196.0,0.285502
197.0,0.288729
198.0,0.285063
199.0,0.282771
200.0,0.284541
201.0,0.294127
202.0,0.286789
203.0,0.267667
204.0,0.255626
205.0,0.278335
206.0,0.262131
207.0,0.268394
208.0,0.271507
209.0,0.272629
210.0,0.268765
211.0,0.273222
212.0,0.281407
213.0,0.280637
214.0,0.284756
215.0,0.286935
216.0,0.285854
217.0,0.2855
218.0,0.286759
219.0,0.291564
220.0,0.291239
221.0,0.291331
222.0,0.292139
223.0,0.294951
224.0,0.29581
225.0,0.295302
226.0,0.293688
227.0,0.294053
228.0,0.297161
229.0,0.299755
230.0,0.302963
231.0,0.306475
232.0,0.309016
233.0,0.312816
234.0,0.309234
235.0,0.3209
236.0,0.331062
237.0,0.327173
238.0,0.312949
239.0,0.30548
240.0,0.300158
241.0,0.306252
242.0,0.30693
243.0,0.300548
244.0,0.303699
245.0,0.314095
246.0,0.311192
247.0,0.313026
248.0,0.327487
249.0,0.33342
250.0,0.321214
251.0,0.325265
252.0,0.325332
253.0,0.329299
254.0,0.337037
255.0,0.333628
256.0,0.323071
257.0,0.329811
258.0,0.312325
259.0,0.287928
260.0,0.288461
261.0,0.292608
262.0,0.293958
263.0,0.29406
264.0,0.292656
265.0,0.297215
266.0,0.30393
267.0,0.299566
268.0,0.3078
269.0,0.323295
270.0,0.317378
271.0,0.305844
272.0,0.308698
273.0,0.310349
274.0,0.307423
275.0,0.307593
276.0,0.312995
277.0,0.307561
278.0,0.307772
279.0,0.31614
280.0,0.316036
281.0,0.314071
282.0,0.316118
283.0,0.319602
284.0,0.321748
285.0,0.327636
286.0,0.334385
287.0,0.335561
288.0,0.336349
289.0,0.325063
290.0,0.327499
291.0,0.315155
292.0,0.323206
293.0,0.34005
294.0,0.32714
295.0,0.310462
296.0,0.299656
297.0,0.297788
298.0,0.304539
299.0,0.325843
300.0,0.342202
301.0,0.36263
302.0,0.354962
303.0,0.385244
304.0,0.411572
305.0,0.441942
306.0,0.483789
307.0,0.535437
308.0,0.585056
309.0,0.656541
310.0,0.691848
311.0,0.713349
312.0,0.745535
313.0,0.755485
314.0,0.798346
315.0,0.820607
316.0,0.88133
317.0,0.898527
318.0,0.886463
319.0,0.89694
320.0,0.84651
321.0,0.821076
322.0,0.807763
323.0,0.805643
324.0,0.854528
325.0,0.843486
326.0,0.78627
327.0,0.82972
328.0,0.867426
329.0,0.91071
330.0,0.925481
331.0,0.989552
332.0,0.983481
333.0,0.911637
334.0,0.870449
335.0,0.812157
336.0,0.766994
337.0,0.730405
338.0,0.685159
339.0,0.647551
340.0,0.617602
341.0,0.556684
342.0,0.543217
343.0,0.4959
344.0,0.461384
345.0,0.424457
346.0,0.416659
347.0,0.383564
348.0,0.3585
349.0,0.335146
350.0,0.328812
351.0,0.322027
352.0,0.323558
353.0,0.330589
354.0,0.32915
355.0,0.336748
356.0,0.330505
357.0,0.34414
358.0,0.338392
359.0,0.350717
360.0,0.344873
361.0,0.330384
362.0,0.321406
363.0,0.316279
364.0,0.312341
365.0,0.303729
366.0,0.30193
367.0,0.296959
368.0,0.296487
369.0,0.298661
370.0,0.293153
371.0,0.295168
372.0,0.296847
373.0,0.297879
374.0,0.293692
375.0,0.294857
376.0,0.297216
377.0,0.296866
378.0,0.297252
379.0,0.297821
380.0,0.30082
381.0,0.305102
382.0,0.306113
383.0,0.303041
384.0,0.304478
385.0,0.30385
386.0,0.298928
387.0,0.27991
388.0,0.290214
389.0,0.291634
390.0,0.288552
391.0,0.294134
392.0,0.3078
393.0,0.312157
394.0,0.309944
395.0,0.294294
396.0,0.292202
397.0,0.295083
398.0,0.298096
399.0,0.282612
400.0,0.27845
401.0,0.288165
402.0,0.283076
403.0,0.262848
404.0,0.278094
405.0,0.277339
406.0,0.27587
407.0,0.30033
408.0,0.311014
409.0,0.310862
410.0,0.295097
411.0,0.291275
412.0,0.305648
413.0,0.292773
414.0,0.286353
415.0,0.292376
416.0,0.287481
417.0,0.279613
418.0,0.278842
419.0,0.279548
420.0,0.279576
421.0,0.28046
422.0,0.281923
423.0,0.283202
424.0,0.285421
425.0,0.281879
426.0,0.285172
427.0,0.289492
428.0,0.285505
429.0,0.286891
430.0,0.290219
431.0,0.286858
432.0,0.28816
433.0,0.288996
434.0,0.287937
435.0,0.286696
436.0,0.288742
437.0,0.290445
438.0,0.295841
439.0,0.289093
440.0,0.277614
441.0,0.275842
442.0,0.276172
443.0,0.278151
444.0,0.277287
445.0,0.279101
446.0,0.278511
447.0,0.278193
448.0,0.26999
449.0,0.281544
450.0,0.281669
451.0,0.281277
452.0,0.280516
453.0,0.273239
454.0,0.272214
455.0,0.274089
456.0,0.272233
457.0,0.275237
458.0,0.278706
459.0,0.282462
460.0,0.28726
461.0,0.286373
462.0,0.287749
463.0,0.288433
464.0,0.285825
465.0,0.299422
466.0,0.295882
467.0,0.289584
468.0,0.290242
469.0,0.293736
470.0,0.291496
471.0,0.290636
472.0,0.294402
473.0,0.295708
474.0,0.297891
475.0,0.295354
476.0,0.306137
477.0,0.324475
478.0,0.338547
479.0,0.317361
480.0,0.312372
481.0,0.311068
482.0,0.308083
483.0,0.302148
484.0,0.299269
485.0,0.302891
486.0,0.299482
487.0,0.299764
488.0,0.300501
489.0,0.297678
490.0,0.298214
491.0,0.299779
492.0,0.295359
493.0,0.294015
494.0,0.291489
495.0,0.295567
496.0,0.298825
497.0,0.297046
498.0,0.298378
499.0,0.305275
500.0,0.309647
501.0,0.298877
502.0,0.297093
503.0,0.302293
504.0,0.306073
505.0,0.304918
506.0,0.308077
507.0,0.304535
508.0,0.297892
509.0,0.300386
510.0,0.290236
511.0,0.291931
512.0,0.286523
513.0,0.286857
514.0,0.286404
515.0,0.283894
516.0,0.287262
517.0,0.286008
518.0,0.282966
519.0,0.2868
520.0,0.290849
521.0,0.290845
522.0,0.286282
523.0,0.2865
524.0,0.287892
525.0,0.276126
526.0,0.28079
527.0,0.287747
528.0,0.280989
529.0,0.283705
530.0,0.286877
531.0,0.28595
532.0,0.281272
533.0,0.28238
534.0,0.284417
535.0,0.287065
536.0,0.292355
537.0,0.296964
538.0,0.294564
539.0,0.299805
540.0,0.306854
541.0,0.305086
542.0,0.297893
543.0,0.305051
544.0,0.313458
545.0,0.307607
546.0,0.296976
547.0,0.311586
548.0,0.319001
549.0,0.307843
550.0,0.309593
551.0,0.31166
552.0,0.313981
553.0,0.293382
554.0,0.290632
555.0,0.295876
556.0,0.294437
557.0,0.294053
558.0,0.298624
559.0,0.297627
560.0,0.309878
561.0,0.315621
562.0,0.306273
563.0,0.312169
564.0,0.327654
565.0,0.328085
566.0,0.320251
567.0,0.325319
568.0,0.336914
569.0,0.33643
570.0,0.325812
571.0,0.332894
572.0,0.344598
573.0,0.341072
574.0,0.332015
575.0,0.345391
576.0,0.358456
577.0,0.358448
578.0,0.365748
579.0,0.368418
580.0,0.373808
581.0,0.352718
582.0,0.335046
583.0,0.342748
584.0,0.362405
585.0,0.345514
586.0,0.338133
587.0,0.341113
588.0,0.335152
589.0,0.335329
590.0,0.339205
591.0,0.329672
592.0,0.312078
593.0,0.309053
594.0,0.302477
595.0,0.305193
596.0,0.304387
597.0,0.303505
598.0,0.301409
599.0,0.303051
600.0,0.305144
601.0,0.308405
602.0,0.299886
603.0,0.302273
604.0,0.311011
605.0,0.30151
606.0,0.296084
607.0,0.299206
608.0,0.305609
609.0,0.307231
610.0,0.30659
611.0,0.303048
612.0,0.303808
613.0,0.310861
614.0,0.308043
615.0,0.299357
616.0,0.306348
617.0,0.319418
618.0,0.302271
619.0,0.292593
620.0,0.313087
621.0,0.310962
622.0,0.27544
623.0,0.28311
624.0,0.307733
625.0,0.285814
626.0,0.259875
627.0,0.280639
628.0,0.290681
629.0,0.263547
630.0,0.258401
631.0,0.281542
632.0,0.279199
633.0,0.275967
634.0,0.324237
635.0,0.357477
636.0,0.389653
637.0,0.327279
638.0,0.302622
639.0,0.339653
640.0,0.342242
641.0,0.315636
642.0,0.321391
643.0,0.346209
644.0,0.332702
645.0,0.315482
646.0,0.336961
647.0,0.349126
648.0,0.330244
649.0,0.328984
650.0,0.360245
651.0,0.365791
652.0,0.352567
653.0,0.356167
654.0,0.366857
655.0,0.359328
656.0,0.372422
657.0,0.426004
658.0,0.33467
659.0,0.311627
660.0,0.322223
661.0,0.333912
662.0,0.335852
663.0,0.340316
664.0,0.339677
665.0,0.379335
666.0,0.417611
667.0,0.402263
668.0,0.40956
669.0,0.432963
670.0,0.447492
671.0,0.489954
672.0,0.562046
673.0,0.591062
674.0,0.64238
675.0,0.684785
676.0,0.699386
677.0,0.680652
678.0,0.705982
679.0,0.75218
680.0,0.766146
681.0,0.818616
682.0,0.780741
683.0,0.697201
684.0,0.601523
685.0,0.590481
686.0,0.515843
687.0,0.449352
688.0,0.403009
689.0,0.426195
